,,,,,,,,,,,,,
From,Source,Company Name,Sub Niche,Region,Idea,Funnel Type,Price ($),Ad Link,Landing Page,YT Channel,IG,Facebook Page,VSL after Optin
Ans,YouTube Ads,2bAhead,AI for business,,"A webinar, led by futurist Sven Gabor Janszky of the 2b AHEAD ThinkTank, that promises medium-sized businesses a five-pillar strategy for integrating generative AI to boost efficiency and cut costs by up to 70 percent.",Webinar,-,Google Ads,URL,,,,
Ans,Meta Ads,Billy Gene,AI Marketing and content creation,,"pitching a 10-day email/video program that teaches beginners to use AI-driven social-media tactics to earn $10k‚Äì$30k a month remotely, backed by a money-back guarantee and a limited-time 50 % discount.",Low Ticket,200 and 100 with discount,Meta Ads Lib,URL,,,,
Ans,Cole Gordon Mastermind,AIpreneurs,AI Agencies ,,"üìö Discover How to Leverage AI to Create a Profitable, AI-powered Agency",Mid Ticket Direct Purchase,$2500/month,,Skool Link,,,,
Ans,Skool Search,AI Foundations,AI Foundations and Automation,,"We make AI easy to understand, from the fundamentals to building agents.",Community,$70/month,,Skool Link,,,,
Ans,Skool Search,AI Automation Plus,AI Automation,,"If you're serious about AI Automation, this community will set you up to succeed in this rapidly evolving world.",Community,$89/month,,Skool Link,,,,
Ans,Skool Search,AI Automations by Jack,AI and AI Automation,,Unlock your unfair advantage with AI and automation that actually works. Join now and build the world's most VALUABLE skill set üíé,Community,$77/month,,Skool Link,,,,
Ans,Skool Search,The Vibe Marketers,AI Marketing (Vibe marketing),,"VIBE MARKETING. I'm the ""boring marketer"" automating growth with ai workflows/agents.",Community,$49/month,,Skool Link,The Boring Marketer,,,
Ans,Skool Search,AI Workshop,AI Automation (n8n),,Building AI Agents using no-code tools like n8n & more...,Community,$77/month,,Skool Link,AI Workshop,,,
Ans,Skool Search,Fraulein KI,AI Foundations for Women (Non Technical),German,"Fr√§ulein KI ist die Community f√ºr neugierige Frauen, die die faszinierende Welt der K√ºnstlichen Intelligenz erobern wollen ‚Äì ganz ohne kompliziertes Tech-Geschwafel!",Community,$49/month,,Skool Link,,,,
Ans,Skool Search,AI mit Arnie,AI Foundations and AI Automation,German,"Der schnellste Weg, alles √ºber KI & KI Agenten zu lernen.
n8n, Flowise, ComfyUI und vieles mehr.
Automatisierung, LLMs, Diffusion und AI Agents.",Community,$59/month,,Skool Link,AI mit Arnie,,,
Ans,Skool Search,KI Club,"Hier ist deine Community im deutschsprachigen Raum, rund um die Themen k√ºnstlicher Intelligenz und allen wichtigen Ereignissen darum!",German,"Willkommen im gr√∂√üten KI Club im deutschsprachigen Raum! Unsere Vision besteht darin, dass wir uns gegenseitig supporten, mit der KI zu arbeiten lernen und gemeinsam Projekte realisieren, die das Potential haben, die Welt zu ver√§ndern und unser Leben einfacher und sch√∂ner zu gestalten!",Community,$199/month,,Skool Link,Tim Hofmann,,,
Ans,IG Reels,Neurawork,"AI for Business, Consulant and Service Provider",German,"KI ist die gr√∂√üte Gesch√§ftschance unserer Zeit ‚Äì auch f√ºr dich als Berater.
K√ºnstliche Intelligenz (KI) ist dabei l√§ngst nicht mehr nur ‚ÄûZukunftsmusik‚Äú gro√üer Konzerne ‚Äì sie kann dein Business jetzt schon revolutionieren.

In diesem exklusiven Workshop zeigen wir dir, wie du KI nutzt, um neue Produkte zu entwickeln, Kunden zu gewinnen und dein Einkommen zu steigern ‚Äì ohne technisches Vorwissen.",Webinar,6900‚Ç¨ for 6 months (Group Coaching/ 3 weekly calls),,Webinar Optin,,Instagram,,
Max,,,AI for Pros,English,Focussed on creative work and improving service providing with AI,,,,https://ai.sirioberati.com/,,,,
Max,,Greg Isenberg,AI Startup ideas,English,,,,,,YT Channel,,,
Max,,The Real World,"AI Systems mainly for automation, content creation and social media",English,,Community,$49/month,,TRW paid,,,,
Max,,Makerschool,"AI Systems mainly for automation, content creation and social media",English,,Community,$174/month,,Skool Link,,,,
Max,,RoboNuggets,"AI Systems mainly for automation, content creation and social media",English,,Community,$79/month,,Skool Link,,,,
Ans ,Meta Ads,AI Strategy Institute ,"AI Foundations, Workflows and Automation ",English and German (based in Munich),"GenAI Specialist
‚ÄúAs a non-technician, I want to implement useful, productive applications with AI - and automate my work processes smartly and save time.‚Äù
How to build your own workflows and get rid of repetitive tasks through prompt engineering, automation and vibe coding.

The ‚ÄúAI specialist‚Äù seminar provides practical knowledge on how to use AI in a targeted manner and automate processes efficiently. You will learn how to exploit the potential of large language models with prompt engineering, develop your own agents with no- and low-code tools such as Zapier, Make, n8n and Cursor AI and intelligently design repeatable workflows using vibe coding.",Workshop,"3,300‚Ç¨",https://www.facebook.com/share/16UYUbUoor/?mibextid=wwXIfr,https://www.aistrategyinstitute.com/genaispecialist?fbclid=IwQ0xDSwKcFq1leHRuA2FlbQExAAEeOuwk4_lV7ovjoNtC2fQoTeEpCLLn6--Vhq1_Q0yS-n4nCMuG__mwEAhG-cY_aem_FeY9jkKLH4OzEDQys3ZS2g#68075c73df03775e1dda3607,,,https://www.facebook.com/share/16i7cb4CVL/?mibextid=wwXIfr,
Ans,Meta Ads,NoWorkAI,AI Foundations,Europe,"FUTURE
AI LEADER
MASTERCLASS 2025
AI Mindset & Human-AI Collaboration:
Intensive 3-Hour Masterclass for Future-Ready Professionals

Learn how to think, work, and lead in the age of AI ‚Äî and gain practical tools to thrive in symbiosis with artificial intelligence.",Digital Workshop,299‚Ç¨,https://www.facebook.com/share/1CB8iQpGVG/?mibextid=wwXIfr,https://nowork.ai/future-ai-leader-europe/?fbclid=IwQ0xDSwKcF4RleHRuA2FlbQExAAEelttkpqLSeq4moAvvwqSD92MMsyH8MKJYpFoOVnzktUzt-aL3n357kXJwa3Q_aem_3mIxr4zqNeDeAP3lBP6i4A,,,,
,,,,,,,,https://www.facebook.com/share/1BV5xm4x6d/?mibextid=wwXIfr,,,,,
,,,,,,,,https://www.facebook.com/share/1FM8oDd7Z6/?mibextid=wwXIfr,,,,,
,,,,,,,,https://www.facebook.com/share/16Jx9HCCeZ/?mibextid=wwXIfr,,,,,
,,,,,,,,https://www.facebook.com/share/16gSSyCDrf/?mibextid=wwXIfr,,,,,
,,,,,,,,https://www.instagram.com/p/DG3Z7XaszRZ/?igsh=MTlmZTQ1bDV5anhhNw==,,,,,
Ans,YouTube Ads,Tai Lopez,AI Automation for business,Global,,Low Ticket,$47 or $299,https://youtu.be/saJXoQ0qjTo?si=1a8qsBflqO1-tmBF,https://www.tailopezproducts.com/flow.php?id=FS-4610&utm_medium=paid&utm_source=youtube&utm_medium=video&utm_campaignid=22285953284&utm_adgroupid=178620783114&utm_feeditemid=&utm_targetid=aud-2376179299095&utm_interestid=1006094&utm_physicallocation=1006094&utm_matchtype=&utm_network=&utm_device=m&utm_devicemodel=&utm_ifmobile=%5Bvalue%5D&utm_ifnotmobile=&utm_ifsearch=&utm_ifcontent=&utm_creativeid=734926608665&utm_term=&utm_placementID=&utm_target=&utm_param1=&utm_param2=&utm_randomid=8808805685332219065&utm_adposition=&gc_id=22285953284&h_ga_id=178620783114&h_ad_id=734926608665&h_keyword_id=aud-2376179299095&h_keyword=&h_placement=&utm_source=google&utm_medium=cpc&utm_campaignid=22285953284&utm_adgroupid=178620783114&utm_feeditemid=&utm_targetid=aud-2376179299095&utm_physicallocation=1006094&utm_matchtype=&utm_network=&utm_device=m&utm_devicemodel=&utm_ifmobile=&utm_ifnotmobile=&utm_ifsearch=&utm_ifcontent=&utm_creativeid=734926608665&utm_term=&utm_placement=&utm_target=&utm_param1=&utm_param2=&utm_randomid=8808805685332219065&utm_adposition=&gad_source=2&wbraid=CloKCQjwucDBBhCIARJJAAWDLLvIhALptHdtXU0ZqUOWeclDR0HezIRO3OMzf8crA9VNTtOpWVllfQBvPra90LqgJqOIynyuAkiDlgj0xCF1rWITU-KUWxoCJtc,https://youtube.com/@tailopez?si=vtTWH-gGqMW8daF3,,,
Ans,IG Recommendations ,,,,,Mid Ticket Direct Purchase,"2,500‚Ç¨",,https://herr.tech/ki-marketing-club?fbclid=PAQ0xDSwKftFZleHRuA2FlbQExAAGnHWf1FTK4PndbVryXA9um9f68VFed9rQq1f678XIk15-geS81fDSPmGU-b44_aem_8XP6d76Mzobv4YYq3vjbUQ,,https://www.instagram.com/herr_tech?igsh=czZsMmI0ZXhpdjVy,,
Ans,Meta Ads,AI Strategy Institute ,AI Manager,,"
‚ÄúI want to bring AI strategically into the company, use it sensibly and support its implementation - without studying computer science.‚Äù
Think strategically, act practically - how to understand, evaluate, sensibly control and manage AI in your company without tech overkill.

The ‚ÄúAI Manager‚Äù seminar is aimed at anyone who wants to strategically classify, manage and implement AI in their company - without coding themselves. You will learn how AI works, how to identify use cases, evaluate AI solutions, calculate ROI and set up, support and manage AI projects.",Workshop,"3,000‚Ç¨",https://www.instagram.com/stories/ai_strategy_institute/3638704692134124162?igsh=cmd1Ymg0c3g5ZnZ3,https://www.aistrategyinstitute.com/aimanager?utm_medium=paid&utm_source=ig&utm_id=120225805916190556&utm_content=120225811357810556&utm_term=120225809328900556&utm_campaign=120225805916190556&fbclid=PAQ0xDSwKfuMJleHRuA2FlbQEwAGFkaWQBqyC9E3LUvAGnYzqvNzycUxdDFKoWbdbMrGJEuMN5S-CDoyE6NSblhn03JeTS05lBOndHcyU_aem_smgsgv1oh-uGbMYMv0KpYQ,,https://www.instagram.com/ai_strategy_institute?igsh=N2ExOWFidzV0ZW82,,
Ans,Meta Ads,Sascha M√ºller,AI Content Creation ,,"Erstelle in 60 Minuten deinen digitalen Zwilling ‚Äì und lasse ihn f√ºr dich verkaufen, erkl√§ren und sichtbar sein.
Lerne, wie du mit KI, Avatar & Stimme Videos wie am Flie√üband produzierst ‚Äì perfekt f√ºr Videos, Kurse, Marketing & Social Media.",Low Ticket,49‚Ç¨,https://www.instagram.com/p/DJt-r8vMXeP/?igsh=MXNyN282Zm91aGJwMw==,https://saschaaumueller.de/cf?utm_medium=paid&utm_source=ig&utm_id=120222888732810587&utm_content=120223114723280587&utm_term=120222888732830587&utm_campaign=120222888732810587&fbclid=PAQ0xDSwKfua9leHRuA2FlbQEwAGFkaWQBqx5JMV_-OwGnnEMHe_ImODmXpgPm6CnQeB5lw21bmMSWz-koo1n2TCQHQQZJIjS907WtBr0_aem_0vcOEsBtDxOVo6Hqu0W2mA,,https://www.instagram.com/saschaaumueller?igsh=MWs3OW4xOTJubmtz,,
Ans,IG Creator,Diana Diloyan,AI Content Creation (Model Photos),,"Easy for everyone
CREATE STUNNING AI-GENERATED PHOTOS WITHOUT LEAVING YOUR COUCH!
Save time and money by generating professional images in minutes
",Low Ticket,$15,,https://dianadiloyan.com/neuropics-lab/?fbclid=PAQ0xDSwKf2ItleHRuA2FlbQIxMAABpzN1j62Jox1Gdgi8lI6_ZCbTXopzUxHh9w_D60X5zoR8O-mEyR0j4mFGvhfL_aem_sw3cZ2TcJkSHAIOJ3H27Ow,,,,
Ans,Skool Search ,Automatable,AI Automation ,,"Hi, I‚Äôm Jono. After 8 years obsessing over AI automation (+ making plenty of mistakes), I built a 7-figure business by figuring out what actually works. Now it runs itself. This community is about helping you achieve the same results:
1Ô∏è‚É£ Automating 80%+ of your business‚Äîin months, not years
2Ô∏è‚É£ Build an AI automation agency‚Äîwith a proven roadmap",Community,$70/month,,https://www.skool.com/automatable/about,,,,
Ans,Meta Ads,,,,,Webinar,,https://www.instagram.com/stories/gruender.de/3625670904807382860?igsh=d2FtdTE3dm0zeGVk,https://online.gruender.de/gamechanger-ki/?dbtr=ppc_facebook_broad_game1&utm_source=facebook&utm_medium=ppc&utm_campaign=kic_webinar&utm_content=broad_game1&utm_id=120224825055820418&utm_term=120224825056140418&fbclid=PAQ0xDSwKga2xleHRuA2FlbQEwAGFkaWQBqx_XfTt88gGnrXktOYeWJIa38t_pMvz7IiVHaGqnqEkZOyoblIxTiZt8sqkGfqQkeRmgixs_aem_Na6FtNLhSONlyOLvcvu7Ag,,,,
Ans,Meta Ads,Koerting Institute ,AI Foundations and Business use cases,German,"Das KI-Caf√© - wie du als Selbstst√§ndiger
mit dem Einsatz von KI..
mehr Kunden gewinnst besseres Marketing machst Aufgaben automatisierst
Spannende Anwendungsf√§lle live gel√∂st. News aus der KI-Welt.
Der Treffpunkt f√ºr KI-begeisterte Selbstst√§ndige. Jeden Mittwoch um 08:30. 

Jetzt kostenfrei anmelden!
Es gibt keine Aufzeichnung.",Weekly Webinar,,https://www.instagram.com/stories/torstenkoerting/3536709511018527319?igsh=MWI3aGo3Nnpkam1sdw==,https://go.koerting-institute.com/ki-cafev2/?utm_source=ig&utm_medium=paid&utm_campaign=Conversions+%2F+KI-Caf%C3%A9+14.08.24&utm_content=Image-Ad+%2F+6+Boxen&utm_id=120213553739650131&utm_term=120218824047370131&fbclid=PAQ0xDSwKg8sRleHRuA2FlbQEwAGFkaWQBqxpiML1OwwGnYOOM-HkrZrV_RpAti-VO49-PnTOuZrLrz6CZR7JJRfxS9rwW_kDBWzUR9ZA_aem_KRtt1empsTSv5KZHxbWjbQ,,https://www.instagram.com/torstenkoerting?igsh=ZmVhMGwzOWRhMHBz,,
Ans,Meta Ads,,AI Sales automation (DM and calls),German,"Wie funktioniert
KI-Flow ??
KI Flow erm√∂glicht deiner Agentur ein neues Offer bestehend aus:
Einem KI-Caller und einem KI-ChatBot...
Die f√ºr deine Kunden automatisch Neukundentermine setzten, √ºbers
Telefon, WhatsApp & Instagram DM's.
Was dir erlaubt deine Agentur um 15.000-20.000‚Ç¨/ Monat zu skalieren.
Ohne mehr als 60 Minuten Aufwand pro Kunde zu haben, ohne dich mit niedrigen Retainern rumschlagen zu m√ºssen oder in deiner Akquise den Satz zu h√∂ren ""Da bist du heute schon der f√ºnfte"".
Ich verkaufe genau diese KI Infrastrukturen an meine Agenturkunden und erhalte pro Einrichtung bis zu 10.000‚Ç¨.
Diese Margen sind f√ºr dich als Agentur nur m√∂glich, weil diese KI-Tools f√ºr Unternehmen ganze Mitarbeiter ersetzen, deutlich schneller und pr√§ziser arbeiten und 24/7 Neukunden Termine setzen, egal ob in den DM's, oder am Telefon deiner Kunden.",AC Low Ticket,27‚Ç¨,https://www.instagram.com/stories/kiflow.official/3601424739614093587?igsh=MWFqZmU0ZHpmYzA2Zw==,https://ki-flow.com/start?utm_medium=paid&utm_source=ig&utm_id=120219513529170165&utm_content=120219517708350165&utm_term=120219513532630165&utm_campaign=120219513529170165&fbclid=PAQ0xDSwKg9WVleHRuA2FlbQEwAGFkaWQBqxsD3fDWNQGnigXjSYyDGxe7saA6rja0G3q6mjk0cUrp8nu_S6IVidiCKV3FqTTtRLZqFv8_aem_m2j994dAg6bhsqrgvOPNKA,,,,
Ans,Meta Ads,,,,,Webinar,,,https://www.scalable-product.de/?utm_source=Instagram_Stories&utm_medium=ABO+-+Webinar+28.05+-+2025-05-10&utm_campaign=Broad&utm_content=Ad+1+-+%28Auto%29+Keine+Lust+auf+teure+Entwickler+%E2%80%93+Kopie&hsa_acc=1160322675670792&hsa_cam=120223254354340487&hsa_grp=120223264478130487&hsa_ad=120223274347460487&hsa_src=ig&hsa_net=facebook&hsa_ver=3&utm_id=120223254354340487&utm_term=120223264478130487&fbclid=PAQ0xDSwKhGOhleHRuA2FlbQEwAGFkaWQBqx5yTltJJwGn5ngLjSOG7pg_6xMJoCcET7qdsQizTnRS2YKzA5YaVQAo8LNAY2zyfFVXrVM_aem_u-argQ6W9u5tHRTciz5c3g,,,,
Ans,Meta Ads,,,,,Book-a-Call,,https://www.facebook.com/ads/library/?active_status=active&ad_type=all&country=DE&id=120221862586220356&is_targeted_country=false&media_type=all&search_type=page&view_all_page_id=108424594374154,https://go.ai-power.ai/lp-training-04?utm_source=Instagram_Stories&utm_medium=paid&utm_campaign=AI+%2F%2F+WC+%2F%2FABO+%2F%2F+Prospecting+%2F%2F+VSL-04+%2F%2F+Testing+Scaling&utm_content=Lead+%2F%2F+Broad+A%2B+-+mw+-+30-55+-+DE+%2F%2F+FB%2C+IG&utm_term=A41-01-VSL-03_700-Leads-0-Bullshit+%2F%2F+Copy+8+%2F%2F+Mehr+dazu&utm_id=120221860575110356&fbclid=PAQ0xDSwKhMXhleHRuA2FlbQEwAGFkaWQBqx0lqYydNAGnv62GT9sTIo6VsLI6HyjYaQDOpNWnpKugPHz34bpXLtaVaCPuVw8rl_kAdwE_aem_MEcZhNyffeKPPpLrjPp6lg,,,,VSL
Ans,Meta Ads,,,,,,,https://www.facebook.com/ads/library/?active_status=active&ad_type=all&country=DE&id=120227954746880226&is_targeted_country=false&media_type=all&search_type=page&view_all_page_id=557633094108977,https://pro.ai-power.ai/thomaskugler/?utm_source=Instagram_Stories&utm_medium=KI+Consulting+Kampagne+11.04.2025&utm_campaign=Anzeigengruppe+f%C3%BCr+Leads+Marketing+-+Vertrieb&utm_content=Anzeige+%2B+rote+ad+hook+1+square&utm_id=120224364136440226&utm_term=120227949114720226&fbclid=PAQ0xDSwKhMeZleHRuA2FlbQEwAGFkaWQBqyKwFsJw4gGn9l7vF2m1dOSXI2sbJgxKil_rTd9AjtWyM1VQ9u-vlLeTILgvuzFn5GadgMI_aem_S1r6QQzdNYA6LWRXCY4gmQ,,,,
Ans,Meta Ads,,,,,,,https://www.facebook.com/ads/library/?active_status=active&ad_type=all&country=DE&id=120226022860870503&is_targeted_country=false&media_type=all&search_type=page&view_all_page_id=111825185234011,https://stengair.clickfunnels.com/optin-21747169860033?utm_medium=paid&utm_source=ig&utm_id=120226021786550503&utm_content=120226021786590503&utm_term=120226021786570503&utm_campaign=120226021786550503&fbclid=PAQ0xDSwKhMpBleHRuA2FlbQEwAGFkaWQBqyDuSl0_lwGnZXHooZ95RLJBEdYznnQ1ry9iyZGX4N7CV-Rxyj8YUSCHUd5S_euhgd-DP0w_aem_IXu6J6YcOi9EfExOZ2zy3g,,,,
Ans,Meta Ads,,,,,,,https://www.instagram.com/p/C_gC0G3ADB9/?igsh=MWF3Y3U3OXB5azBudw==,https://learn.flexxable.com/instant-ai-agency/?utm_source=FLEXX+%7C+Production+Campaign+%7C+New+Funnel&utm_medium=10%25+LALs+ALL+%7C+Images+%7C+Europe&utm_campaign=Facebook&utm_content=Dan+Ad+3+H3+%7C+Image+11&platform=Instagram_Feed&utm_id=120215801808160609&utm_term=120219680202730609&fbclid=PAQ0xDSwKjjdVleHRuA2FlbQEwAGFkaWQBqxspkbz7QQGn295YZfn8YduY2-SHjpt8oNEzDvVVdDMp00pcdhnnQE2cLS0Y0YNsPgYUNRg_aem_5-kiplDfqdmNvux7YZPoew,,,,
Ans,Meta Ads,,Create Digital Products with AI,,"For Anyone Looking to Build a High Profit Digital Product
Average People Are Now Making Thousands With This New ""Extraction Prompt"" Allowing Them To create and sell products in a day!
Using The Same System That Made Me $65,694 In 23 Days!",AC Low Ticket,$27,https://www.facebook.com/ads/library/?active_status=active&ad_type=all&country=DE&id=120223892232780105&is_targeted_country=false&media_type=all&search_type=page&view_all_page_id=301413553920149,https://paidcreators.com/prompt?utm_source=fb_ad&utm_medium=RTPageVisitors&utm_campaign=RT+-+Extraction+Prompt+-+30dPageVisits&utm_content=AI_Retargeting&campaign_id=120218954468230105&utm_id=120218954468230105&utm_term=120218954468250105&fbclid=PAQ0xDSwKjsGJleHRuA2FlbQEwAGFkaWQBqx7-Ngy5SQGnFfNi20f3KTGcsA2DzULswaJk1grWLtaelcWP2Q4gpoupkb8uXeyDt6WXBLw_aem_gwd6IMxVaSOhFHi2kjft7w,,,,
Ans,Meta Ads,,AI Lead Generation ,,"For Anyone Looking To Create Semi-Passive Income Online In An Hour A Day New Book Reveals How Anyone Can Use AI & SMS To Run $100k+ Campaigns  Automatically While Keeping Half For Themselves‚Ä¶
Without Being a Tech Nerd, Expert in Funnels, Paid Ads, SEO, Sales, or Spending Years ‚ÄòPaying Your Dues‚Äô‚ÄìAnd You Can Do It Even If You're Brand New Online",AC Low Ticket,$14.40,https://www.facebook.com/share/1AFxiq5m7Z/?mibextid=wwXIfr,https://learn.flexxable.com/instant-ai-agency/?utm_source=FLEXX+%7C+Production+Campaign+%7C+New+Funnel&utm_medium=10%25+LALs+ALL+%7C+Images+%7C+Europe&utm_campaign=Facebook&utm_content=Dan+Ad+3+Intro+3+H3+%7C+Image+11&platform=Facebook_Mobile_Feed&fbclid=IwQ0xDSwKj5ZBleHRuA2FlbQEwAGFkaWQBqxspkgkfcQEebkvggNZoOhw_K-y0X1_I-iRQPKW189PRIiU2m738lKymOKibX7D3tPxi9C0_aem_DBPmyNiWpYsepgdHYZQ31A&utm_id=120215801808160609&utm_term=120219680202730609,,,,
Ans,Meta Ads,,AI Content Creation ,,,Low Ticket,$27,https://www.instagram.com/p/DJ15eUls2Vb/?igsh=cDBnODF3YXEzYXJn,https://www.johnsmarketingclub.com/special-offer?utm_source=Facebook&fbc_id=120225217466120073&h_ad_id=120225217466140073&utm_medium=paid&utm_id=120225217466130073&utm_content=120225217466140073&utm_term=120225217466120073&utm_campaign=120225217466130073,,,,
,,,,,,Low Ticket,$98,https://www.facebook.com/share/v/15ZbDXHBbF/?mibextid=wwXIfr,https://fb.watch/zTahtQN_in/?,,,,
Ans,Skool Search,No-Code Architects ,AI Automation ,,"Join the ONLY community where you make money building cool AI Automations that you can sell. The same process I use to generate $120K/month.

üí∞ Sell $2K to $10K AI products

üí∞ Scale quality content creation

üí∞ Streamline business operations

And we'll solve 100% of your tech issues (guaranteed, or your money back).

",Community,$97/month,,https://www.skool.com/no-code-architects/about,,,,