title,company,location,salary,posted_date,url,description,source,scraped_at,experience_level,employment_type,applications,company_size
AI Engineer (m/w/d),BMW Group,München,,Heute,https://www.stepstone.de/stellenangebote--AI-Engineer-BMW-Group--8000000.html,"
Entwicklung von AI/ML Lösungen, Python erforderlich

Wir suchen einen erfahrenen AI Engineer für unser Team in München. 
Hauptaufgaben:
• Entwicklung und Implementierung von ML-Modellen
• Zusammenarbeit mit Data Scientists und Software Engineers  
• Optimierung bestehender AI-Systeme
• Mentoring von Junior-Entwicklern

Anforderungen:
• Abschluss in Informatik, Mathematik oder vergleichbar
• Mid Erfahrung mit Python und ML-Frameworks
• Kenntnisse in Cloud-Technologien (AWS/Azure/GCP)
• Fließende Deutsch- und Englischkenntnisse
",stepstone,2025-06-02T01:46:33.703379,Mid level,Vollzeit,20 Bewerber,10.000+ Mitarbeiter
Machine Learning Engineer (m/w/d),Siemens AG,"Munich, Bavaria",€67.000 - €87.000,Vor 2 Tagen,https://www.stepstone.de/stellenangebote--Machine-Learning-Engineer-Siemens-AG--8000001.html,"
Entwicklung von AI/ML Lösungen, TensorFlow erforderlich

Wir suchen einen erfahrenen AI Engineer für unser Team in München. 
Hauptaufgaben:
• Entwicklung und Implementierung von ML-Modellen
• Zusammenarbeit mit Data Scientists und Software Engineers  
• Optimierung bestehender AI-Systeme
• Mentoring von Junior-Entwicklern

Anforderungen:
• Abschluss in Informatik, Mathematik oder vergleichbar
• Mid Erfahrung mit Python und ML-Frameworks
• Kenntnisse in Cloud-Technologien (AWS/Azure/GCP)
• Fließende Deutsch- und Englischkenntnisse
",stepstone,2025-06-02T01:46:33.703386,Mid level,Full-time,53 Bewerber,10.000+ Mitarbeiter
Senior AI Engineer (m/w/d),Infineon Technologies,München,€69.000 - €89.000,Vor 3 Tagen,https://www.stepstone.de/stellenangebote--Senior-AI-Engineer-Infineon-Technologies--8000002.html,"
Entwicklung von AI/ML Lösungen, PyTorch erforderlich

Wir suchen einen erfahrenen AI Engineer für unser Team in München. 
Hauptaufgaben:
• Entwicklung und Implementierung von ML-Modellen
• Zusammenarbeit mit Data Scientists und Software Engineers  
• Optimierung bestehender AI-Systeme
• Mentoring von Junior-Entwicklern

Anforderungen:
• Abschluss in Informatik, Mathematik oder vergleichbar
• Senior Erfahrung mit Python und ML-Frameworks
• Kenntnisse in Cloud-Technologien (AWS/Azure/GCP)
• Fließende Deutsch- und Englischkenntnisse
",stepstone,2025-06-02T01:46:33.703390,Senior level,Festanstellung,71 Bewerber,100-500 Mitarbeiter
AI/ML Engineer (m/w/d),CHECK24,"Munich, Bavaria",,Vor 4 Tagen,https://www.stepstone.de/stellenangebote--AI/ML-Engineer-CHECK24--8000003.html,"
Entwicklung von AI/ML Lösungen, Cloud erforderlich

Wir suchen einen erfahrenen AI Engineer für unser Team in München. 
Hauptaufgaben:
• Entwicklung und Implementierung von ML-Modellen
• Zusammenarbeit mit Data Scientists und Software Engineers  
• Optimierung bestehender AI-Systeme
• Mentoring von Junior-Entwicklern

Anforderungen:
• Abschluss in Informatik, Mathematik oder vergleichbar
• Mid Erfahrung mit Python und ML-Frameworks
• Kenntnisse in Cloud-Technologien (AWS/Azure/GCP)
• Fließende Deutsch- und Englischkenntnisse
",stepstone,2025-06-02T01:46:33.703393,Mid level,Unbefristet,89 Bewerber,1.000-5.000 Mitarbeiter
AI Software Engineer (m/w/d),Allianz,München,€73.000 - €93.000,Vor 5 Tagen,https://www.stepstone.de/stellenangebote--AI-Software-Engineer-Allianz--8000004.html,"
Entwicklung von AI/ML Lösungen, Python erforderlich

Wir suchen einen erfahrenen AI Engineer für unser Team in München. 
Hauptaufgaben:
• Entwicklung und Implementierung von ML-Modellen
• Zusammenarbeit mit Data Scientists und Software Engineers  
• Optimierung bestehender AI-Systeme
• Mentoring von Junior-Entwicklern

Anforderungen:
• Abschluss in Informatik, Mathematik oder vergleichbar
• Mid Erfahrung mit Python und ML-Frameworks
• Kenntnisse in Cloud-Technologien (AWS/Azure/GCP)
• Fließende Deutsch- und Englischkenntnisse
",stepstone,2025-06-02T01:46:33.703395,Mid level,Vollzeit,107 Bewerber,100-500 Mitarbeiter
Deep Learning Engineer (m/w/d),Munich Re,"Munich, Bavaria",€75.000 - €95.000,Vor 6 Tagen,https://www.stepstone.de/stellenangebote--Deep-Learning-Engineer-Munich-Re--8000005.html,"
Entwicklung von AI/ML Lösungen, TensorFlow erforderlich

Wir suchen einen erfahrenen AI Engineer für unser Team in München. 
Hauptaufgaben:
• Entwicklung und Implementierung von ML-Modellen
• Zusammenarbeit mit Data Scientists und Software Engineers  
• Optimierung bestehender AI-Systeme
• Mentoring von Junior-Entwicklern

Anforderungen:
• Abschluss in Informatik, Mathematik oder vergleichbar
• Mid Erfahrung mit Python und ML-Frameworks
• Kenntnisse in Cloud-Technologien (AWS/Azure/GCP)
• Fließende Deutsch- und Englischkenntnisse
",stepstone,2025-06-02T01:46:33.703397,Mid level,Full-time,125 Bewerber,100-500 Mitarbeiter
Computer Vision Engineer (m/w/d),ProSiebenSat.1,München,,Vor 7 Tagen,https://www.stepstone.de/stellenangebote--Computer-Vision-Engineer-ProSiebenSat.1--8000006.html,"
Entwicklung von AI/ML Lösungen, PyTorch erforderlich

Wir suchen einen erfahrenen AI Engineer für unser Team in München. 
Hauptaufgaben:
• Entwicklung und Implementierung von ML-Modellen
• Zusammenarbeit mit Data Scientists und Software Engineers  
• Optimierung bestehender AI-Systeme
• Mentoring von Junior-Entwicklern

Anforderungen:
• Abschluss in Informatik, Mathematik oder vergleichbar
• Mid Erfahrung mit Python und ML-Frameworks
• Kenntnisse in Cloud-Technologien (AWS/Azure/GCP)
• Fließende Deutsch- und Englischkenntnisse
",stepstone,2025-06-02T01:46:33.703399,Mid level,Festanstellung,143 Bewerber,1.000-5.000 Mitarbeiter
NLP Engineer (m/w/d),Rohde & Schwarz,"Munich, Bavaria",€79.000 - €99.000,Vor 1 Tag,https://www.stepstone.de/stellenangebote--NLP-Engineer-Rohde-&-Schwarz--8000007.html,"
Entwicklung von AI/ML Lösungen, Cloud erforderlich

Wir suchen einen erfahrenen AI Engineer für unser Team in München. 
Hauptaufgaben:
• Entwicklung und Implementierung von ML-Modellen
• Zusammenarbeit mit Data Scientists und Software Engineers  
• Optimierung bestehender AI-Systeme
• Mentoring von Junior-Entwicklern

Anforderungen:
• Abschluss in Informatik, Mathematik oder vergleichbar
• Mid Erfahrung mit Python und ML-Frameworks
• Kenntnisse in Cloud-Technologien (AWS/Azure/GCP)
• Fließende Deutsch- und Englischkenntnisse
",stepstone,2025-06-02T01:46:33.703402,Mid level,Unbefristet,56 Bewerber,100-500 Mitarbeiter
MLOps Engineer (m/w/d),TÜV SÜD,München,€81.000 - €101.000,Vor 2 Tagen,https://www.stepstone.de/stellenangebote--MLOps-Engineer-TÜV-SÜD--8000008.html,"
Entwicklung von AI/ML Lösungen, Python erforderlich

Wir suchen einen erfahrenen AI Engineer für unser Team in München. 
Hauptaufgaben:
• Entwicklung und Implementierung von ML-Modellen
• Zusammenarbeit mit Data Scientists und Software Engineers  
• Optimierung bestehender AI-Systeme
• Mentoring von Junior-Entwicklern

Anforderungen:
• Abschluss in Informatik, Mathematik oder vergleichbar
• Mid Erfahrung mit Python und ML-Frameworks
• Kenntnisse in Cloud-Technologien (AWS/Azure/GCP)
• Fließende Deutsch- und Englischkenntnisse
",stepstone,2025-06-02T01:46:33.703404,Mid level,Vollzeit,74 Bewerber,100-500 Mitarbeiter
AI Platform Engineer (m/w/d),Celonis,"Munich, Bavaria",,Vor 3 Tagen,https://www.stepstone.de/stellenangebote--AI-Platform-Engineer-Celonis--8000009.html,"
Entwicklung von AI/ML Lösungen, TensorFlow erforderlich

Wir suchen einen erfahrenen AI Engineer für unser Team in München. 
Hauptaufgaben:
• Entwicklung und Implementierung von ML-Modellen
• Zusammenarbeit mit Data Scientists und Software Engineers  
• Optimierung bestehender AI-Systeme
• Mentoring von Junior-Entwicklern

Anforderungen:
• Abschluss in Informatik, Mathematik oder vergleichbar
• Mid Erfahrung mit Python und ML-Frameworks
• Kenntnisse in Cloud-Technologien (AWS/Azure/GCP)
• Fließende Deutsch- und Englischkenntnisse
",stepstone,2025-06-02T01:46:33.703406,Mid level,Full-time,92 Bewerber,100-500 Mitarbeiter
Senior ML Engineer (m/w/d),Personio,München,€85.000 - €105.000,Vor 4 Tagen,https://www.stepstone.de/stellenangebote--Senior-ML-Engineer-Personio--8000010.html,"
Entwicklung von AI/ML Lösungen, PyTorch erforderlich

Wir suchen einen erfahrenen AI Engineer für unser Team in München. 
Hauptaufgaben:
• Entwicklung und Implementierung von ML-Modellen
• Zusammenarbeit mit Data Scientists und Software Engineers  
• Optimierung bestehender AI-Systeme
• Mentoring von Junior-Entwicklern

Anforderungen:
• Abschluss in Informatik, Mathematik oder vergleichbar
• Senior Erfahrung mit Python und ML-Frameworks
• Kenntnisse in Cloud-Technologien (AWS/Azure/GCP)
• Fließende Deutsch- und Englischkenntnisse
",stepstone,2025-06-02T01:46:33.703408,Senior level,Festanstellung,110 Bewerber,100-500 Mitarbeiter
Lead AI Engineer (m/w/d),Scalable Capital,"Munich, Bavaria",€87.000 - €107.000,Vor 5 Tagen,https://www.stepstone.de/stellenangebote--Lead-AI-Engineer-Scalable-Capital--8000011.html,"
Entwicklung von AI/ML Lösungen, Cloud erforderlich

Wir suchen einen erfahrenen AI Engineer für unser Team in München. 
Hauptaufgaben:
• Entwicklung und Implementierung von ML-Modellen
• Zusammenarbeit mit Data Scientists und Software Engineers  
• Optimierung bestehender AI-Systeme
• Mentoring von Junior-Entwicklern

Anforderungen:
• Abschluss in Informatik, Mathematik oder vergleichbar
• Senior Erfahrung mit Python und ML-Frameworks
• Kenntnisse in Cloud-Technologien (AWS/Azure/GCP)
• Fließende Deutsch- und Englischkenntnisse
",stepstone,2025-06-02T01:46:33.703410,Senior level,Unbefristet,128 Bewerber,100-500 Mitarbeiter
Principal AI Engineer (m/w/d),Flixbus,München,,Vor 6 Tagen,https://www.stepstone.de/stellenangebote--Principal-AI-Engineer-Flixbus--8000012.html,"
Entwicklung von AI/ML Lösungen, Python erforderlich

Wir suchen einen erfahrenen AI Engineer für unser Team in München. 
Hauptaufgaben:
• Entwicklung und Implementierung von ML-Modellen
• Zusammenarbeit mit Data Scientists und Software Engineers  
• Optimierung bestehender AI-Systeme
• Mentoring von Junior-Entwicklern

Anforderungen:
• Abschluss in Informatik, Mathematik oder vergleichbar
• Senior Erfahrung mit Python und ML-Frameworks
• Kenntnisse in Cloud-Technologien (AWS/Azure/GCP)
• Fließende Deutsch- und Englischkenntnisse
",stepstone,2025-06-02T01:46:33.703412,Senior level,Vollzeit,146 Bewerber,100-500 Mitarbeiter
AI Research Engineer (m/w/d),Stylight,"Munich, Bavaria",€91.000 - €111.000,Vor 7 Tagen,https://www.stepstone.de/stellenangebote--AI-Research-Engineer-Stylight--8000013.html,"
Entwicklung von AI/ML Lösungen, TensorFlow erforderlich

Wir suchen einen erfahrenen AI Engineer für unser Team in München. 
Hauptaufgaben:
• Entwicklung und Implementierung von ML-Modellen
• Zusammenarbeit mit Data Scientists und Software Engineers  
• Optimierung bestehender AI-Systeme
• Mentoring von Junior-Entwicklern

Anforderungen:
• Abschluss in Informatik, Mathematik oder vergleichbar
• Mid Erfahrung mit Python und ML-Frameworks
• Kenntnisse in Cloud-Technologien (AWS/Azure/GCP)
• Fließende Deutsch- und Englischkenntnisse
",stepstone,2025-06-02T01:46:33.703414,Mid level,Full-time,164 Bewerber,100-500 Mitarbeiter
Applied AI Engineer (m/w/d),Jameda,München,€93.000 - €113.000,Vor 1 Tag,https://www.stepstone.de/stellenangebote--Applied-AI-Engineer-Jameda--8000014.html,"
Entwicklung von AI/ML Lösungen, PyTorch erforderlich

Wir suchen einen erfahrenen AI Engineer für unser Team in München. 
Hauptaufgaben:
• Entwicklung und Implementierung von ML-Modellen
• Zusammenarbeit mit Data Scientists und Software Engineers  
• Optimierung bestehender AI-Systeme
• Mentoring von Junior-Entwicklern

Anforderungen:
• Abschluss in Informatik, Mathematik oder vergleichbar
• Mid Erfahrung mit Python und ML-Frameworks
• Kenntnisse in Cloud-Technologien (AWS/Azure/GCP)
• Fließende Deutsch- und Englischkenntnisse
",stepstone,2025-06-02T01:46:33.703421,Mid level,Festanstellung,77 Bewerber,100-500 Mitarbeiter
AI Engineer (m/w/d),msg systems ag,"Munich, Bavaria",,Vor 2 Tagen,https://www.stepstone.de/stellenangebote--AI-Engineer-msg-systems-ag--8000015.html,"
Entwicklung von AI/ML Lösungen, Cloud erforderlich

Wir suchen einen erfahrenen AI Engineer für unser Team in München. 
Hauptaufgaben:
• Entwicklung und Implementierung von ML-Modellen
• Zusammenarbeit mit Data Scientists und Software Engineers  
• Optimierung bestehender AI-Systeme
• Mentoring von Junior-Entwicklern

Anforderungen:
• Abschluss in Informatik, Mathematik oder vergleichbar
• Mid Erfahrung mit Python und ML-Frameworks
• Kenntnisse in Cloud-Technologien (AWS/Azure/GCP)
• Fließende Deutsch- und Englischkenntnisse
",stepstone,2025-06-02T01:46:33.703423,Mid level,Unbefristet,95 Bewerber,100-500 Mitarbeiter
Machine Learning Engineer (m/w/d),Reply Deutschland,München,€97.000 - €117.000,Vor 3 Tagen,https://www.stepstone.de/stellenangebote--Machine-Learning-Engineer-Reply-Deutschland--8000016.html,"
Entwicklung von AI/ML Lösungen, Python erforderlich

Wir suchen einen erfahrenen AI Engineer für unser Team in München. 
Hauptaufgaben:
• Entwicklung und Implementierung von ML-Modellen
• Zusammenarbeit mit Data Scientists und Software Engineers  
• Optimierung bestehender AI-Systeme
• Mentoring von Junior-Entwicklern

Anforderungen:
• Abschluss in Informatik, Mathematik oder vergleichbar
• Mid Erfahrung mit Python und ML-Frameworks
• Kenntnisse in Cloud-Technologien (AWS/Azure/GCP)
• Fließende Deutsch- und Englischkenntnisse
",stepstone,2025-06-02T01:46:33.703425,Mid level,Vollzeit,113 Bewerber,100-500 Mitarbeiter
Senior AI Engineer (m/w/d),Capgemini,"Munich, Bavaria",€99.000 - €119.000,Vor 4 Tagen,https://www.stepstone.de/stellenangebote--Senior-AI-Engineer-Capgemini--8000017.html,"
Entwicklung von AI/ML Lösungen, TensorFlow erforderlich

Wir suchen einen erfahrenen AI Engineer für unser Team in München. 
Hauptaufgaben:
• Entwicklung und Implementierung von ML-Modellen
• Zusammenarbeit mit Data Scientists und Software Engineers  
• Optimierung bestehender AI-Systeme
• Mentoring von Junior-Entwicklern

Anforderungen:
• Abschluss in Informatik, Mathematik oder vergleichbar
• Senior Erfahrung mit Python und ML-Frameworks
• Kenntnisse in Cloud-Technologien (AWS/Azure/GCP)
• Fließende Deutsch- und Englischkenntnisse
",stepstone,2025-06-02T01:46:33.703427,Senior level,Full-time,131 Bewerber,100-500 Mitarbeiter
AI/ML Engineer (m/w/d),Accenture,München,,Vor 5 Tagen,https://www.stepstone.de/stellenangebote--AI/ML-Engineer-Accenture--8000018.html,"
Entwicklung von AI/ML Lösungen, PyTorch erforderlich

Wir suchen einen erfahrenen AI Engineer für unser Team in München. 
Hauptaufgaben:
• Entwicklung und Implementierung von ML-Modellen
• Zusammenarbeit mit Data Scientists und Software Engineers  
• Optimierung bestehender AI-Systeme
• Mentoring von Junior-Entwicklern

Anforderungen:
• Abschluss in Informatik, Mathematik oder vergleichbar
• Mid Erfahrung mit Python und ML-Frameworks
• Kenntnisse in Cloud-Technologien (AWS/Azure/GCP)
• Fließende Deutsch- und Englischkenntnisse
",stepstone,2025-06-02T01:46:33.703429,Mid level,Festanstellung,149 Bewerber,100-500 Mitarbeiter
AI Software Engineer (m/w/d),Cognizant,"Munich, Bavaria",€103.000 - €123.000,Vor 6 Tagen,https://www.stepstone.de/stellenangebote--AI-Software-Engineer-Cognizant--8000019.html,"
Entwicklung von AI/ML Lösungen, Cloud erforderlich

Wir suchen einen erfahrenen AI Engineer für unser Team in München. 
Hauptaufgaben:
• Entwicklung und Implementierung von ML-Modellen
• Zusammenarbeit mit Data Scientists und Software Engineers  
• Optimierung bestehender AI-Systeme
• Mentoring von Junior-Entwicklern

Anforderungen:
• Abschluss in Informatik, Mathematik oder vergleichbar
• Mid Erfahrung mit Python und ML-Frameworks
• Kenntnisse in Cloud-Technologien (AWS/Azure/GCP)
• Fließende Deutsch- und Englischkenntnisse
",stepstone,2025-06-02T01:46:33.703437,Mid level,Unbefristet,167 Bewerber,100-500 Mitarbeiter
Deep Learning Engineer (m/w/d),KPMG,München,€105.000 - €125.000,Vor 7 Tagen,https://www.stepstone.de/stellenangebote--Deep-Learning-Engineer-KPMG--8000020.html,"
Entwicklung von AI/ML Lösungen, Python erforderlich

Wir suchen einen erfahrenen AI Engineer für unser Team in München. 
Hauptaufgaben:
• Entwicklung und Implementierung von ML-Modellen
• Zusammenarbeit mit Data Scientists und Software Engineers  
• Optimierung bestehender AI-Systeme
• Mentoring von Junior-Entwicklern

Anforderungen:
• Abschluss in Informatik, Mathematik oder vergleichbar
• Mid Erfahrung mit Python und ML-Frameworks
• Kenntnisse in Cloud-Technologien (AWS/Azure/GCP)
• Fließende Deutsch- und Englischkenntnisse
",stepstone,2025-06-02T01:46:33.703439,Mid level,Vollzeit,185 Bewerber,100-500 Mitarbeiter
Computer Vision Engineer (m/w/d),PwC,"Munich, Bavaria",,Vor 1 Tag,https://www.stepstone.de/stellenangebote--Computer-Vision-Engineer-PwC--8000021.html,"
Entwicklung von AI/ML Lösungen, TensorFlow erforderlich

Wir suchen einen erfahrenen AI Engineer für unser Team in München. 
Hauptaufgaben:
• Entwicklung und Implementierung von ML-Modellen
• Zusammenarbeit mit Data Scientists und Software Engineers  
• Optimierung bestehender AI-Systeme
• Mentoring von Junior-Entwicklern

Anforderungen:
• Abschluss in Informatik, Mathematik oder vergleichbar
• Mid Erfahrung mit Python und ML-Frameworks
• Kenntnisse in Cloud-Technologien (AWS/Azure/GCP)
• Fließende Deutsch- und Englischkenntnisse
",stepstone,2025-06-02T01:46:33.703441,Mid level,Full-time,98 Bewerber,100-500 Mitarbeiter
NLP Engineer (m/w/d),Deloitte,München,€109.000 - €129.000,Vor 2 Tagen,https://www.stepstone.de/stellenangebote--NLP-Engineer-Deloitte--8000022.html,"
Entwicklung von AI/ML Lösungen, PyTorch erforderlich

Wir suchen einen erfahrenen AI Engineer für unser Team in München. 
Hauptaufgaben:
• Entwicklung und Implementierung von ML-Modellen
• Zusammenarbeit mit Data Scientists und Software Engineers  
• Optimierung bestehender AI-Systeme
• Mentoring von Junior-Entwicklern

Anforderungen:
• Abschluss in Informatik, Mathematik oder vergleichbar
• Mid Erfahrung mit Python und ML-Frameworks
• Kenntnisse in Cloud-Technologien (AWS/Azure/GCP)
• Fließende Deutsch- und Englischkenntnisse
",stepstone,2025-06-02T01:46:33.703443,Mid level,Festanstellung,116 Bewerber,100-500 Mitarbeiter
MLOps Engineer (m/w/d),EY,"Munich, Bavaria",€111.000 - €131.000,Vor 3 Tagen,https://www.stepstone.de/stellenangebote--MLOps-Engineer-EY--8000023.html,"
Entwicklung von AI/ML Lösungen, Cloud erforderlich

Wir suchen einen erfahrenen AI Engineer für unser Team in München. 
Hauptaufgaben:
• Entwicklung und Implementierung von ML-Modellen
• Zusammenarbeit mit Data Scientists und Software Engineers  
• Optimierung bestehender AI-Systeme
• Mentoring von Junior-Entwicklern

Anforderungen:
• Abschluss in Informatik, Mathematik oder vergleichbar
• Mid Erfahrung mit Python und ML-Frameworks
• Kenntnisse in Cloud-Technologien (AWS/Azure/GCP)
• Fließende Deutsch- und Englischkenntnisse
",stepstone,2025-06-02T01:46:33.703444,Mid level,Unbefristet,134 Bewerber,100-500 Mitarbeiter
AI Platform Engineer (m/w/d),Roland Berger,München,,Vor 4 Tagen,https://www.stepstone.de/stellenangebote--AI-Platform-Engineer-Roland-Berger--8000024.html,"
Entwicklung von AI/ML Lösungen, Python erforderlich

Wir suchen einen erfahrenen AI Engineer für unser Team in München. 
Hauptaufgaben:
• Entwicklung und Implementierung von ML-Modellen
• Zusammenarbeit mit Data Scientists und Software Engineers  
• Optimierung bestehender AI-Systeme
• Mentoring von Junior-Entwicklern

Anforderungen:
• Abschluss in Informatik, Mathematik oder vergleichbar
• Mid Erfahrung mit Python und ML-Frameworks
• Kenntnisse in Cloud-Technologien (AWS/Azure/GCP)
• Fließende Deutsch- und Englischkenntnisse
",stepstone,2025-06-02T01:46:33.703446,Mid level,Vollzeit,152 Bewerber,100-500 Mitarbeiter
AI Engineer,Google Munich,München,€60.000 - €90.000 pro Jahr,Heute,https://de.indeed.com/viewjob?jk=f4240,"
Entwicklung innovativer KI-Lösungen, Erfahrung mit Deep Learning

Wir suchen einen erfahrenen AI Engineer für unser Team in München. 
Hauptaufgaben:
• Entwicklung und Implementierung von ML-Modellen
• Zusammenarbeit mit Data Scientists und Software Engineers  
• Optimierung bestehender AI-Systeme
• Mentoring von Junior-Entwicklern

Anforderungen:
• Abschluss in Informatik, Mathematik oder vergleichbar
• Mid Erfahrung mit Python und ML-Frameworks
• Kenntnisse in Cloud-Technologien (AWS/Azure/GCP)
• Fließende Deutsch- und Englischkenntnisse
",indeed,2025-06-02T01:46:34.704094,Mid level,Full-time,95 Bewerber,10.000+ Mitarbeiter
ML Engineer,Microsoft München,Munich,,Gestern,https://de.indeed.com/viewjob?jk=f7279,"
Entwicklung innovativer KI-Lösungen, Erfahrung mit Computer Vision

Wir suchen einen erfahrenen AI Engineer für unser Team in München. 
Hauptaufgaben:
• Entwicklung und Implementierung von ML-Modellen
• Zusammenarbeit mit Data Scientists und Software Engineers  
• Optimierung bestehender AI-Systeme
• Mentoring von Junior-Entwicklern

Anforderungen:
• Abschluss in Informatik, Mathematik oder vergleichbar
• Mid Erfahrung mit Python und ML-Frameworks
• Kenntnisse in Cloud-Technologien (AWS/Azure/GCP)
• Fließende Deutsch- und Englischkenntnisse
",indeed,2025-06-02T01:46:34.704134,Mid level,Festanstellung,98 Bewerber,10.000+ Mitarbeiter
KI-Entwickler,Amazon Development Center,80331 München,,Vor 2 Tagen,https://de.indeed.com/viewjob?jk=fa2b2,"
Entwicklung innovativer KI-Lösungen, Erfahrung mit NLP

Wir suchen einen erfahrenen AI Engineer für unser Team in München. 
Hauptaufgaben:
• Entwicklung und Implementierung von ML-Modellen
• Zusammenarbeit mit Data Scientists und Software Engineers  
• Optimierung bestehender AI-Systeme
• Mentoring von Junior-Entwicklern

Anforderungen:
• Abschluss in Informatik, Mathematik oder vergleichbar
• Mid Erfahrung mit Python und ML-Frameworks
• Kenntnisse in Cloud-Technologien (AWS/Azure/GCP)
• Fließende Deutsch- und Englischkenntnisse
",indeed,2025-06-02T01:46:34.704144,Mid level,Unbefristet,131 Bewerber,100-500 Mitarbeiter
Machine Learning Ingenieur,Apple,"München, BY",,Vor 3 Tagen,https://de.indeed.com/viewjob?jk=fd2eb,"
Entwicklung innovativer KI-Lösungen, Erfahrung mit Reinforcement Learning

Wir suchen einen erfahrenen AI Engineer für unser Team in München. 
Hauptaufgaben:
• Entwicklung und Implementierung von ML-Modellen
• Zusammenarbeit mit Data Scientists und Software Engineers  
• Optimierung bestehender AI-Systeme
• Mentoring von Junior-Entwicklern

Anforderungen:
• Abschluss in Informatik, Mathematik oder vergleichbar
• Mid Erfahrung mit Python und ML-Frameworks
• Kenntnisse in Cloud-Technologien (AWS/Azure/GCP)
• Fließende Deutsch- und Englischkenntnisse
",indeed,2025-06-02T01:46:34.704151,Mid level,Vollzeit,149 Bewerber,100-500 Mitarbeiter
AI Software Developer,Huawei Munich Research,München,€64.000 - €94.000 pro Jahr,Vor 4 Tagen,https://de.indeed.com/viewjob?jk=100324,"
Entwicklung innovativer KI-Lösungen, Erfahrung mit Deep Learning

Wir suchen einen erfahrenen AI Engineer für unser Team in München. 
Hauptaufgaben:
• Entwicklung und Implementierung von ML-Modellen
• Zusammenarbeit mit Data Scientists und Software Engineers  
• Optimierung bestehender AI-Systeme
• Mentoring von Junior-Entwicklern

Anforderungen:
• Abschluss in Informatik, Mathematik oder vergleichbar
• Mid Erfahrung mit Python und ML-Frameworks
• Kenntnisse in Cloud-Technologien (AWS/Azure/GCP)
• Fließende Deutsch- und Englischkenntnisse
",indeed,2025-06-02T01:46:34.704160,Mid level,Full-time,167 Bewerber,100-500 Mitarbeiter
Deep Learning Specialist,Continental,Munich,,Heute,https://de.indeed.com/viewjob?jk=10335d,"
Entwicklung innovativer KI-Lösungen, Erfahrung mit Computer Vision

Wir suchen einen erfahrenen AI Engineer für unser Team in München. 
Hauptaufgaben:
• Entwicklung und Implementierung von ML-Modellen
• Zusammenarbeit mit Data Scientists und Software Engineers  
• Optimierung bestehender AI-Systeme
• Mentoring von Junior-Entwicklern

Anforderungen:
• Abschluss in Informatik, Mathematik oder vergleichbar
• Mid Erfahrung mit Python und ML-Frameworks
• Kenntnisse in Cloud-Technologien (AWS/Azure/GCP)
• Fließende Deutsch- und Englischkenntnisse
",indeed,2025-06-02T01:46:34.704167,Mid level,Festanstellung,110 Bewerber,1.000-5.000 Mitarbeiter
AI Systems Engineer,MAN Truck & Bus,80331 München,,Gestern,https://de.indeed.com/viewjob?jk=106396,"
Entwicklung innovativer KI-Lösungen, Erfahrung mit NLP

Wir suchen einen erfahrenen AI Engineer für unser Team in München. 
Hauptaufgaben:
• Entwicklung und Implementierung von ML-Modellen
• Zusammenarbeit mit Data Scientists und Software Engineers  
• Optimierung bestehender AI-Systeme
• Mentoring von Junior-Entwicklern

Anforderungen:
• Abschluss in Informatik, Mathematik oder vergleichbar
• Mid Erfahrung mit Python und ML-Frameworks
• Kenntnisse in Cloud-Technologien (AWS/Azure/GCP)
• Fließende Deutsch- und Englischkenntnisse
",indeed,2025-06-02T01:46:34.704172,Mid level,Unbefristet,113 Bewerber,100-500 Mitarbeiter
AI Engineer,Linde,"München, BY",,Vor 2 Tagen,https://de.indeed.com/viewjob?jk=1093cf,"
Entwicklung innovativer KI-Lösungen, Erfahrung mit Reinforcement Learning

Wir suchen einen erfahrenen AI Engineer für unser Team in München. 
Hauptaufgaben:
• Entwicklung und Implementierung von ML-Modellen
• Zusammenarbeit mit Data Scientists und Software Engineers  
• Optimierung bestehender AI-Systeme
• Mentoring von Junior-Entwicklern

Anforderungen:
• Abschluss in Informatik, Mathematik oder vergleichbar
• Mid Erfahrung mit Python und ML-Frameworks
• Kenntnisse in Cloud-Technologien (AWS/Azure/GCP)
• Fließende Deutsch- und Englischkenntnisse
",indeed,2025-06-02T01:46:34.704177,Mid level,Vollzeit,146 Bewerber,100-500 Mitarbeiter
ML Engineer,Knorr-Bremse,München,€68.000 - €98.000 pro Jahr,Vor 3 Tagen,https://de.indeed.com/viewjob?jk=10c408,"
Entwicklung innovativer KI-Lösungen, Erfahrung mit Deep Learning

Wir suchen einen erfahrenen AI Engineer für unser Team in München. 
Hauptaufgaben:
• Entwicklung und Implementierung von ML-Modellen
• Zusammenarbeit mit Data Scientists und Software Engineers  
• Optimierung bestehender AI-Systeme
• Mentoring von Junior-Entwicklern

Anforderungen:
• Abschluss in Informatik, Mathematik oder vergleichbar
• Mid Erfahrung mit Python und ML-Frameworks
• Kenntnisse in Cloud-Technologien (AWS/Azure/GCP)
• Fließende Deutsch- und Englischkenntnisse
",indeed,2025-06-02T01:46:34.704184,Mid level,Full-time,164 Bewerber,100-500 Mitarbeiter
KI-Entwickler,BSH Hausgeräte,Munich,,Vor 4 Tagen,https://de.indeed.com/viewjob?jk=10f441,"
Entwicklung innovativer KI-Lösungen, Erfahrung mit Computer Vision

Wir suchen einen erfahrenen AI Engineer für unser Team in München. 
Hauptaufgaben:
• Entwicklung und Implementierung von ML-Modellen
• Zusammenarbeit mit Data Scientists und Software Engineers  
• Optimierung bestehender AI-Systeme
• Mentoring von Junior-Entwicklern

Anforderungen:
• Abschluss in Informatik, Mathematik oder vergleichbar
• Mid Erfahrung mit Python und ML-Frameworks
• Kenntnisse in Cloud-Technologien (AWS/Azure/GCP)
• Fließende Deutsch- und Englischkenntnisse
",indeed,2025-06-02T01:46:34.704190,Mid level,Festanstellung,182 Bewerber,100-500 Mitarbeiter
Machine Learning Ingenieur,Wacker Chemie,80331 München,,Heute,https://de.indeed.com/viewjob?jk=11247a,"
Entwicklung innovativer KI-Lösungen, Erfahrung mit NLP

Wir suchen einen erfahrenen AI Engineer für unser Team in München. 
Hauptaufgaben:
• Entwicklung und Implementierung von ML-Modellen
• Zusammenarbeit mit Data Scientists und Software Engineers  
• Optimierung bestehender AI-Systeme
• Mentoring von Junior-Entwicklern

Anforderungen:
• Abschluss in Informatik, Mathematik oder vergleichbar
• Mid Erfahrung mit Python und ML-Frameworks
• Kenntnisse in Cloud-Technologien (AWS/Azure/GCP)
• Fließende Deutsch- und Englischkenntnisse
",indeed,2025-06-02T01:46:34.704195,Mid level,Unbefristet,125 Bewerber,100-500 Mitarbeiter
AI Software Developer,Telefónica Germany,"München, BY",,Gestern,https://de.indeed.com/viewjob?jk=1154b3,"
Entwicklung innovativer KI-Lösungen, Erfahrung mit Reinforcement Learning

Wir suchen einen erfahrenen AI Engineer für unser Team in München. 
Hauptaufgaben:
• Entwicklung und Implementierung von ML-Modellen
• Zusammenarbeit mit Data Scientists und Software Engineers  
• Optimierung bestehender AI-Systeme
• Mentoring von Junior-Entwicklern

Anforderungen:
• Abschluss in Informatik, Mathematik oder vergleichbar
• Mid Erfahrung mit Python und ML-Frameworks
• Kenntnisse in Cloud-Technologien (AWS/Azure/GCP)
• Fließende Deutsch- und Englischkenntnisse
",indeed,2025-06-02T01:46:34.704201,Mid level,Vollzeit,128 Bewerber,100-500 Mitarbeiter
Deep Learning Specialist,1&1,München,€72.000 - €102.000 pro Jahr,Vor 2 Tagen,https://de.indeed.com/viewjob?jk=1184ec,"
Entwicklung innovativer KI-Lösungen, Erfahrung mit Deep Learning

Wir suchen einen erfahrenen AI Engineer für unser Team in München. 
Hauptaufgaben:
• Entwicklung und Implementierung von ML-Modellen
• Zusammenarbeit mit Data Scientists und Software Engineers  
• Optimierung bestehender AI-Systeme
• Mentoring von Junior-Entwicklern

Anforderungen:
• Abschluss in Informatik, Mathematik oder vergleichbar
• Mid Erfahrung mit Python und ML-Frameworks
• Kenntnisse in Cloud-Technologien (AWS/Azure/GCP)
• Fließende Deutsch- und Englischkenntnisse
",indeed,2025-06-02T01:46:34.704207,Mid level,Full-time,161 Bewerber,100-500 Mitarbeiter
AI Systems Engineer,Scout24,Munich,,Vor 3 Tagen,https://de.indeed.com/viewjob?jk=11b525,"
Entwicklung innovativer KI-Lösungen, Erfahrung mit Computer Vision

Wir suchen einen erfahrenen AI Engineer für unser Team in München. 
Hauptaufgaben:
• Entwicklung und Implementierung von ML-Modellen
• Zusammenarbeit mit Data Scientists und Software Engineers  
• Optimierung bestehender AI-Systeme
• Mentoring von Junior-Entwicklern

Anforderungen:
• Abschluss in Informatik, Mathematik oder vergleichbar
• Mid Erfahrung mit Python und ML-Frameworks
• Kenntnisse in Cloud-Technologien (AWS/Azure/GCP)
• Fließende Deutsch- und Englischkenntnisse
",indeed,2025-06-02T01:46:34.704213,Mid level,Festanstellung,179 Bewerber,100-500 Mitarbeiter
AI Engineer,kununu,80331 München,,Vor 4 Tagen,https://de.indeed.com/viewjob?jk=11e55e,"
Entwicklung innovativer KI-Lösungen, Erfahrung mit NLP

Wir suchen einen erfahrenen AI Engineer für unser Team in München. 
Hauptaufgaben:
• Entwicklung und Implementierung von ML-Modellen
• Zusammenarbeit mit Data Scientists und Software Engineers  
• Optimierung bestehender AI-Systeme
• Mentoring von Junior-Entwicklern

Anforderungen:
• Abschluss in Informatik, Mathematik oder vergleichbar
• Mid Erfahrung mit Python und ML-Frameworks
• Kenntnisse in Cloud-Technologien (AWS/Azure/GCP)
• Fließende Deutsch- und Englischkenntnisse
",indeed,2025-06-02T01:46:34.704218,Mid level,Unbefristet,197 Bewerber,100-500 Mitarbeiter
ML Engineer,Wirecard,"München, BY",,Heute,https://de.indeed.com/viewjob?jk=121597,"
Entwicklung innovativer KI-Lösungen, Erfahrung mit Reinforcement Learning

Wir suchen einen erfahrenen AI Engineer für unser Team in München. 
Hauptaufgaben:
• Entwicklung und Implementierung von ML-Modellen
• Zusammenarbeit mit Data Scientists und Software Engineers  
• Optimierung bestehender AI-Systeme
• Mentoring von Junior-Entwicklern

Anforderungen:
• Abschluss in Informatik, Mathematik oder vergleichbar
• Mid Erfahrung mit Python und ML-Frameworks
• Kenntnisse in Cloud-Technologien (AWS/Azure/GCP)
• Fließende Deutsch- und Englischkenntnisse
",indeed,2025-06-02T01:46:34.704224,Mid level,Vollzeit,140 Bewerber,100-500 Mitarbeiter
KI-Entwickler,Giesecke+Devrient,München,€76.000 - €106.000 pro Jahr,Gestern,https://de.indeed.com/viewjob?jk=1245d0,"
Entwicklung innovativer KI-Lösungen, Erfahrung mit Deep Learning

Wir suchen einen erfahrenen AI Engineer für unser Team in München. 
Hauptaufgaben:
• Entwicklung und Implementierung von ML-Modellen
• Zusammenarbeit mit Data Scientists und Software Engineers  
• Optimierung bestehender AI-Systeme
• Mentoring von Junior-Entwicklern

Anforderungen:
• Abschluss in Informatik, Mathematik oder vergleichbar
• Mid Erfahrung mit Python und ML-Frameworks
• Kenntnisse in Cloud-Technologien (AWS/Azure/GCP)
• Fließende Deutsch- und Englischkenntnisse
",indeed,2025-06-02T01:46:34.704230,Mid level,Full-time,143 Bewerber,100-500 Mitarbeiter
Machine Learning Ingenieur,Stadtwerke München,Munich,,Vor 2 Tagen,https://de.indeed.com/viewjob?jk=127609,"
Entwicklung innovativer KI-Lösungen, Erfahrung mit Computer Vision

Wir suchen einen erfahrenen AI Engineer für unser Team in München. 
Hauptaufgaben:
• Entwicklung und Implementierung von ML-Modellen
• Zusammenarbeit mit Data Scientists und Software Engineers  
• Optimierung bestehender AI-Systeme
• Mentoring von Junior-Entwicklern

Anforderungen:
• Abschluss in Informatik, Mathematik oder vergleichbar
• Mid Erfahrung mit Python und ML-Frameworks
• Kenntnisse in Cloud-Technologien (AWS/Azure/GCP)
• Fließende Deutsch- und Englischkenntnisse
",indeed,2025-06-02T01:46:34.704236,Mid level,Festanstellung,176 Bewerber,100-500 Mitarbeiter
AI Software Developer,Ludwig-Maximilians-Universität,80331 München,,Vor 3 Tagen,https://de.indeed.com/viewjob?jk=12a642,"
Entwicklung innovativer KI-Lösungen, Erfahrung mit NLP

Wir suchen einen erfahrenen AI Engineer für unser Team in München. 
Hauptaufgaben:
• Entwicklung und Implementierung von ML-Modellen
• Zusammenarbeit mit Data Scientists und Software Engineers  
• Optimierung bestehender AI-Systeme
• Mentoring von Junior-Entwicklern

Anforderungen:
• Abschluss in Informatik, Mathematik oder vergleichbar
• Mid Erfahrung mit Python und ML-Frameworks
• Kenntnisse in Cloud-Technologien (AWS/Azure/GCP)
• Fließende Deutsch- und Englischkenntnisse
",indeed,2025-06-02T01:46:34.704241,Mid level,Unbefristet,194 Bewerber,100-500 Mitarbeiter
Deep Learning Specialist,TU München,"München, BY",,Vor 4 Tagen,https://de.indeed.com/viewjob?jk=12d67b,"
Entwicklung innovativer KI-Lösungen, Erfahrung mit Reinforcement Learning

Wir suchen einen erfahrenen AI Engineer für unser Team in München. 
Hauptaufgaben:
• Entwicklung und Implementierung von ML-Modellen
• Zusammenarbeit mit Data Scientists und Software Engineers  
• Optimierung bestehender AI-Systeme
• Mentoring von Junior-Entwicklern

Anforderungen:
• Abschluss in Informatik, Mathematik oder vergleichbar
• Mid Erfahrung mit Python und ML-Frameworks
• Kenntnisse in Cloud-Technologien (AWS/Azure/GCP)
• Fließende Deutsch- und Englischkenntnisse
",indeed,2025-06-02T01:46:34.704246,Mid level,Vollzeit,212 Bewerber,100-500 Mitarbeiter
AI Systems Engineer,Fraunhofer Institute,München,€80.000 - €110.000 pro Jahr,Heute,https://de.indeed.com/viewjob?jk=1306b4,"
Entwicklung innovativer KI-Lösungen, Erfahrung mit Deep Learning

Wir suchen einen erfahrenen AI Engineer für unser Team in München. 
Hauptaufgaben:
• Entwicklung und Implementierung von ML-Modellen
• Zusammenarbeit mit Data Scientists und Software Engineers  
• Optimierung bestehender AI-Systeme
• Mentoring von Junior-Entwicklern

Anforderungen:
• Abschluss in Informatik, Mathematik oder vergleichbar
• Mid Erfahrung mit Python und ML-Frameworks
• Kenntnisse in Cloud-Technologien (AWS/Azure/GCP)
• Fließende Deutsch- und Englischkenntnisse
",indeed,2025-06-02T01:46:34.704254,Mid level,Full-time,155 Bewerber,100-500 Mitarbeiter
AI Engineer,Max Planck Institute,Munich,,Gestern,https://de.indeed.com/viewjob?jk=1336ed,"
Entwicklung innovativer KI-Lösungen, Erfahrung mit Computer Vision

Wir suchen einen erfahrenen AI Engineer für unser Team in München. 
Hauptaufgaben:
• Entwicklung und Implementierung von ML-Modellen
• Zusammenarbeit mit Data Scientists und Software Engineers  
• Optimierung bestehender AI-Systeme
• Mentoring von Junior-Entwicklern

Anforderungen:
• Abschluss in Informatik, Mathematik oder vergleichbar
• Mid Erfahrung mit Python und ML-Frameworks
• Kenntnisse in Cloud-Technologien (AWS/Azure/GCP)
• Fließende Deutsch- und Englischkenntnisse
",indeed,2025-06-02T01:46:34.704260,Mid level,Festanstellung,158 Bewerber,100-500 Mitarbeiter
ML Engineer,DLR,80331 München,,Vor 2 Tagen,https://de.indeed.com/viewjob?jk=136726,"
Entwicklung innovativer KI-Lösungen, Erfahrung mit NLP

Wir suchen einen erfahrenen AI Engineer für unser Team in München. 
Hauptaufgaben:
• Entwicklung und Implementierung von ML-Modellen
• Zusammenarbeit mit Data Scientists und Software Engineers  
• Optimierung bestehender AI-Systeme
• Mentoring von Junior-Entwicklern

Anforderungen:
• Abschluss in Informatik, Mathematik oder vergleichbar
• Mid Erfahrung mit Python und ML-Frameworks
• Kenntnisse in Cloud-Technologien (AWS/Azure/GCP)
• Fließende Deutsch- und Englischkenntnisse
",indeed,2025-06-02T01:46:34.704265,Mid level,Unbefristet,191 Bewerber,100-500 Mitarbeiter
KI-Entwickler,fortiss,"München, BY",,Vor 3 Tagen,https://de.indeed.com/viewjob?jk=13975f,"
Entwicklung innovativer KI-Lösungen, Erfahrung mit Reinforcement Learning

Wir suchen einen erfahrenen AI Engineer für unser Team in München. 
Hauptaufgaben:
• Entwicklung und Implementierung von ML-Modellen
• Zusammenarbeit mit Data Scientists und Software Engineers  
• Optimierung bestehender AI-Systeme
• Mentoring von Junior-Entwicklern

Anforderungen:
• Abschluss in Informatik, Mathematik oder vergleichbar
• Mid Erfahrung mit Python und ML-Frameworks
• Kenntnisse in Cloud-Technologien (AWS/Azure/GCP)
• Fließende Deutsch- und Englischkenntnisse
",indeed,2025-06-02T01:46:34.704270,Mid level,Vollzeit,209 Bewerber,100-500 Mitarbeiter
Machine Learning Ingenieur,UnternehmerTUM,München,€84.000 - €114.000 pro Jahr,Vor 4 Tagen,https://de.indeed.com/viewjob?jk=13c798,"
Entwicklung innovativer KI-Lösungen, Erfahrung mit Deep Learning

Wir suchen einen erfahrenen AI Engineer für unser Team in München. 
Hauptaufgaben:
• Entwicklung und Implementierung von ML-Modellen
• Zusammenarbeit mit Data Scientists und Software Engineers  
• Optimierung bestehender AI-Systeme
• Mentoring von Junior-Entwicklern

Anforderungen:
• Abschluss in Informatik, Mathematik oder vergleichbar
• Mid Erfahrung mit Python und ML-Frameworks
• Kenntnisse in Cloud-Technologien (AWS/Azure/GCP)
• Fließende Deutsch- und Englischkenntnisse
",indeed,2025-06-02T01:46:34.704276,Mid level,Full-time,227 Bewerber,100-500 Mitarbeiter
